{"cameraMode":{"drawMode":0,"name":"Shaded","section":"Shading Mode"},"sceneLighting":true,"audioPlay":false,"sceneViewState":{"showFog":true,"showMaterialUpdate":true,"showSkybox":true,"showFlares":true,"showImageEffects":true,"showParticleSystems":true},"in2DMode":false,"pivot":{"x":4.054374694824219,"y":10.082685470581055,"z":25.089454650878908},"rotation":{"x":0.18570737540721894,"y":0.22738170623779298,"z":-0.044219572097063068,"w":0.9549135565757752},"size":9.273964881896973,"orthographic":false}