{"cameraMode":{"drawMode":0,"name":"Shaded","section":"Shading Mode"},"sceneLighting":false,"audioPlay":false,"sceneViewState":{"showFog":true,"showMaterialUpdate":true,"showSkybox":false,"showFlares":true,"showImageEffects":true,"showParticleSystems":true},"in2DMode":false,"pivot":{"x":85.71249389648438,"y":6.648108959197998,"z":90.09386444091797},"rotation":{"x":0.1835312396287918,"y":0.3394022583961487,"z":-0.06770572811365128,"w":0.9200894236564636},"size":17.92844009399414,"orthographic":false}