{"cameraMode":{"drawMode":0,"name":"Shaded","section":"Shading Mode"},"sceneLighting":false,"audioPlay":false,"sceneViewState":{"showFog":true,"showMaterialUpdate":true,"showSkybox":false,"showFlares":true,"showImageEffects":true,"showParticleSystems":true},"in2DMode":false,"pivot":{"x":-2.8299999237060549,"y":-9.5367431640625e-7,"z":-0.00000762939453125},"rotation":{"x":0.10431527346372605,"y":-0.3145175874233246,"z":0.03479817137122154,"w":0.942868709564209},"size":1.732050895690918,"orthographic":false}