{"cameraMode":{"drawMode":0,"name":"Shaded","section":"Shading Mode"},"sceneLighting":true,"audioPlay":false,"sceneViewState":{"showFog":true,"showMaterialUpdate":true,"showSkybox":true,"showFlares":true,"showImageEffects":true,"showParticleSystems":true},"in2DMode":false,"pivot":{"x":6.703305721282959,"y":8.614797592163086,"z":22.584243774414064},"rotation":{"x":0.22002370655536652,"y":0.3245190978050232,"z":-0.07789544761180878,"w":0.9166318774223328},"size":9.273964881896973,"orthographic":false}